time,Q
0,0
2,0.285333333
4,0.570666667
6,0.856
8,1.141333333
10,1.426666667
12,1.712
14,1.997333333
16,2.282666667
18,2.568
20,2.853333333
22,3.138666667
24,3.424
26,3.709333333
28,3.994666667
30,4.28
40,4.28
50,4.28
60,4.28
70,4.28
80,4.28
100,4.28
120,4.28
